,Winner,Loser,Winner Points,Loser points,OTs,Coach Tourney Appearances Winner,SRS Winner,FG% Winner,RPI Winner,Adj Off Efficiency Winner,Adj Def Efficiency Winner,Adj Off-Def Winner,Strength of Schedule Winner,Win % Winner,Coach sweet 16 appearances Winner,Avg. Scoring margin Winner,Major Conference Winner,Turnovers per game Winner,Wins Last 10 Games Winner,Coach Record Winner,Seed Winner,Points Allowed Per Game Winner,Coach final four appearance Winner,AP Poll Winner,Won a Major Conference Winner,Rebounds Winner,Coach Tourney Appearances Loser,SRS Loser,FG% Loser,RPI Loser,Adj Off Efficiency Loser,Adj Def Efficiency Loser,Adj Off-Def Loser,Strength of Schedule Loser,Win % Loser,Coach sweet 16 appearances Loser,Avg. Scoring margin Loser,Major Conference Loser,Turnovers per game Loser,Wins Last 10 Games Loser,Coach Record Loser,Seed Loser,Points Allowed Per Game Loser,Coach final four appearance Loser,AP Poll Loser,Won a Major Conference Loser,Rebounds Loser
0,Villanova,Michigan,79,62,0,14,25.69,0.5,0.68,127.4,96.0,31.4,0.59,0.88,6,16.2,1,10.4,8,0.68,1,70.9,2,2,1,35.9,11,18.9,0.47,0.64,115.9,92.7,23.2,0.56,0.8,6,10.1,1,9.1,9,0.63,3,63.5,1,7,1,33.34
1,Michigan,Loyola Chicago,69,57,0,11,18.9,0.47,0.64,115.9,92.7,23.2,0.56,0.8,6,10.1,1,9.1,9,0.63,3,63.5,1,7,1,33.34,0,-0.25,0.51,0.62,111.3,96.2,15.1,0.51,0.85,1,9.7,0,12.2,10,0.51,11,62.0,0,27,0,32.16
2,Villanova,Kansas,95,79,0,14,25.69,0.5,0.68,127.4,96.0,31.4,0.59,0.88,6,16.2,1,10.4,8,0.68,1,70.9,2,2,1,35.9,19,22.01,0.47,0.66,120.9,97.7,23.2,0.6,0.79,13,10.6,1,11.7,8,0.77,1,70.9,2,4,1,35.59
3,Villanova,Texas Tech,71,59,0,14,25.69,0.5,0.68,127.4,96.0,31.4,0.59,0.88,6,16.2,1,10.4,8,0.68,1,70.9,2,2,1,35.9,1,19.57,0.46,0.61,114.0,92.1,21.9,0.56,0.73,1,10.5,1,12.5,5,0.72,3,64.7,0,14,1,36.0
4,Kansas,Duke,85,81,1,19,22.01,0.47,0.66,120.9,97.7,23.2,0.6,0.79,13,10.6,1,11.7,8,0.77,1,70.9,2,4,1,35.59,33,24.95,0.49,0.64,122.6,93.5,29.1,0.58,0.79,24,15.1,1,12.6,7,0.77,2,69.6,12,9,1,41.05
5,Loyola Chicago,Kansas St,78,62,0,0,-0.25,0.51,0.62,111.3,96.2,15.1,0.51,0.85,1,9.7,0,12.2,10,0.51,11,62.0,0,27,0,32.16,11,13.45,0.47,0.58,112.2,97.4,14.8,0.55,0.67,4,4.5,1,11.5,6,0.65,9,67.9,1,35,1,30.7
6,Michigan,Florida St,58,54,0,11,18.9,0.47,0.64,115.9,92.7,23.2,0.56,0.8,6,10.1,1,9.1,9,0.63,3,63.5,1,7,1,33.34,8,14.97,0.47,0.59,115.8,100.0,15.8,0.55,0.65,3,7.3,1,13.0,4,0.56,9,74.5,0,47,1,37.77
7,Kansas,Clemson,80,76,0,19,22.01,0.47,0.66,120.9,97.7,23.2,0.6,0.79,13,10.6,1,11.7,8,0.77,1,70.9,2,4,1,35.59,4,16.51,0.45,0.63,113.8,93.5,20.3,0.59,0.72,1,7.5,1,12.1,5,0.61,5,65.8,0,20,1,35.89
8,Villanova,West Virginia,90,78,0,14,25.69,0.5,0.68,127.4,96.0,31.4,0.59,0.88,6,16.2,1,10.4,8,0.68,1,70.9,2,2,1,35.9,23,20.17,0.43,0.61,119.2,97.4,21.8,0.57,0.71,9,10.6,1,11.3,6,0.71,5,69.0,2,15,1,37.86
9,Duke,Syracuse,69,65,0,33,24.95,0.49,0.64,122.6,93.5,29.1,0.58,0.79,24,15.1,1,12.6,7,0.77,2,69.6,12,9,1,41.05,32,12.25,0.42,0.59,107.7,94.1,13.6,0.58,0.61,18,3.0,1,12.6,5,0.74,11,64.5,5,47,1,37.16
10,Texas Tech,Purdue,78,65,0,1,19.57,0.46,0.61,114.0,92.1,21.9,0.56,0.73,1,10.5,1,12.5,5,0.72,3,64.7,0,14,1,36.0,10,24.14,0.5,0.63,123.2,96.6,26.6,0.57,0.82,4,15.5,1,10.7,6,0.68,2,65.6,0,11,1,35.0
11,Michigan,Texas A&M,99,72,0,11,18.9,0.47,0.64,115.9,92.7,23.2,0.56,0.8,6,10.1,1,9.1,9,0.63,3,63.5,1,7,1,33.34,3,15.71,0.46,0.6,111.2,94.3,16.9,0.59,0.63,2,5.2,1,13.6,6,0.56,7,69.8,0,47,1,41.43
12,Loyola Chicago,Nevada,69,68,0,0,-0.25,0.51,0.62,111.3,96.2,15.1,0.51,0.85,1,9.7,0,12.2,10,0.51,11,62.0,0,27,0,32.16,1,14.55,0.47,0.62,119.9,101.7,18.2,0.55,0.79,1,10.2,0,9.9,7,0.74,7,72.9,0,24,0,35.57
13,Kansas St,Kentucky,61,58,0,11,13.45,0.47,0.58,112.2,97.4,14.8,0.55,0.67,4,4.5,1,11.5,6,0.65,9,67.9,1,35,1,30.7,18,17.58,0.47,0.62,116.4,96.0,20.4,0.59,0.71,14,6.4,1,13.0,7,0.78,5,70.2,4,18,1,38.68
14,Florida St,Gonzaga,75,60,0,8,14.97,0.47,0.59,115.8,100.0,15.8,0.55,0.65,3,7.3,1,13.0,4,0.56,9,74.5,0,47,1,37.77,18,2.62,0.5,0.61,119.8,95.1,24.7,0.51,0.88,8,17.4,0,11.3,10,0.82,4,67.1,1,8,0,39.92
15,Purdue,Butler,76,73,0,10,24.14,0.5,0.63,123.2,96.6,26.6,0.57,0.82,4,15.5,1,10.7,6,0.68,2,65.6,0,11,1,35.0,0,16.44,0.47,0.58,115.8,97.9,17.9,0.58,0.61,0,6.3,1,11.2,4,0.55,10,72.8,0,32,1,34.23
16,Syracuse,Michigan State,55,53,0,32,12.25,0.42,0.59,107.7,94.1,13.6,0.58,0.61,18,3.0,1,12.6,5,0.74,11,64.5,5,47,1,37.16,20,23.46,0.5,0.62,120.0,93.6,26.4,0.54,0.88,13,16.2,1,13.2,9,0.72,3,64.8,7,5,1,41.11
17,Texas A&M,North Carolina,86,65,0,3,15.71,0.46,0.6,111.2,94.3,16.9,0.59,0.63,2,5.2,1,13.6,6,0.56,7,69.8,0,47,1,41.43,27,21.29,0.46,0.64,122.0,96.9,25.1,0.62,0.71,18,8.9,1,12.0,7,0.79,2,73.1,9,10,1,42.43
18,Nevada,Cincinnati,75,73,0,1,14.55,0.47,0.62,119.9,101.7,18.2,0.55,0.79,1,10.2,0,9.9,7,0.74,7,72.9,0,24,0,35.57,9,20.86,0.45,0.64,113.2,86.2,27.0,0.56,0.88,1,17.3,0,11.5,8,0.67,2,57.2,0,6,0,39.25
19,Clemson,Auburn,84,53,0,4,16.51,0.45,0.63,113.8,93.5,20.3,0.59,0.72,1,7.5,1,12.1,5,0.61,5,65.8,0,20,1,35.89,8,17.58,0.44,0.62,118.2,97.6,20.6,0.56,0.78,4,10.1,1,12.3,5,0.65,4,73.3,0,19,1,37.94
20,Kansas St,UMBC,50,43,0,11,13.45,0.47,0.58,112.2,97.4,14.8,0.55,0.67,4,4.5,1,11.5,6,0.65,9,67.9,1,35,1,30.7,0,-3.7,0.45,0.53,103.4,105.3,-1.9,0.47,0.71,0,1.5,0,12.1,8,0.61,16,71.0,0,47,0,34.58
21,Florida St,Xavier,75,70,0,8,14.97,0.47,0.59,115.8,100.0,15.8,0.55,0.65,3,7.3,1,13.0,4,0.56,9,74.5,0,47,1,37.77,7,19.63,0.49,0.64,120.7,99.0,21.7,0.59,0.85,4,9.8,1,12.4,8,0.69,1,74.5,0,3,1,38.34
22,West Virginia,Marshall,94,71,0,23,20.17,0.43,0.61,119.2,97.4,21.8,0.57,0.71,9,10.6,1,11.3,6,0.71,5,69.0,2,15,1,37.86,0,3.61,0.47,0.56,109.3,103.9,5.4,0.5,0.71,0,4.5,0,13.2,8,0.54,13,79.1,0,47,0,35.75
23,Villanova,Alabama,81,58,0,14,25.69,0.5,0.68,127.4,96.0,31.4,0.59,0.88,6,16.2,1,10.4,8,0.68,1,70.9,2,2,1,35.9,0,12.96,0.46,0.58,108.5,94.6,13.9,0.6,0.56,0,2.4,1,14.1,4,0.55,9,70.0,0,47,1,35.83
24,Duke,Rhode Island,87,62,0,33,24.95,0.49,0.64,122.6,93.5,29.1,0.58,0.79,24,15.1,1,12.6,7,0.77,2,69.6,12,9,1,41.05,1,12.18,0.46,0.61,111.7,97.3,14.4,0.55,0.78,0,8.3,0,10.8,6,0.59,7,67.9,0,28,0,34.41
25,Kentucky,Buffalo,95,75,0,18,17.58,0.47,0.62,116.4,96.0,20.4,0.59,0.71,14,6.4,1,13.0,7,0.78,5,70.2,4,18,1,38.68,1,7.62,0.47,0.6,114.3,103.8,10.5,0.54,0.77,0,8.2,0,12.5,8,0.62,13,76.5,0,36,0,38.56
26,Loyola Chicago,Tennessee,63,62,0,0,-0.25,0.51,0.62,111.3,96.2,15.1,0.51,0.85,1,9.7,0,12.2,10,0.51,11,62.0,0,27,0,32.16,22,8.2,0.44,0.63,114.8,92.7,22.1,0.58,0.76,6,7.8,1,12.2,7,0.65,3,66.1,1,13,1,36.06
27,Gonzaga,Ohio State,90,84,0,18,2.62,0.5,0.61,119.8,95.1,24.7,0.51,0.88,8,17.4,0,11.3,10,0.82,4,67.1,1,8,0,39.92,3,18.1,0.49,0.61,116.2,95.0,21.2,0.57,0.75,1,9.1,1,11.8,6,0.6,5,66.7,0,17,1,36.62
28,Kansas,Seton Hall,83,79,0,19,22.01,0.47,0.66,120.9,97.7,23.2,0.6,0.79,13,10.6,1,11.7,8,0.77,1,70.9,2,4,1,35.59,2,15.49,0.47,0.59,116.3,99.0,17.3,0.58,0.66,0,5.7,1,12.8,4,0.55,8,73.3,0,36,1,38.29
29,Texas Tech,Florida,69,66,0,1,19.57,0.46,0.61,114.0,92.1,21.9,0.56,0.73,1,10.5,1,12.5,5,0.72,3,64.7,0,14,1,36.0,1,16.81,0.43,0.58,115.1,96.4,18.7,0.58,0.63,1,6.6,1,9.8,5,0.69,6,69.4,0,23,1,35.24
30,Michigan,Houston,64,63,0,11,18.9,0.47,0.64,115.9,92.7,23.2,0.56,0.8,6,10.1,1,9.1,9,0.63,3,63.5,1,7,1,33.34,14,16.38,0.47,0.61,115.8,95.2,20.6,0.54,0.79,3,12.5,0,12.2,8,0.65,5,64.9,1,21,0,38.63
31,Purdue,CS Fullerton,74,48,0,10,24.14,0.5,0.63,123.2,96.6,26.6,0.57,0.82,4,15.5,1,10.7,6,0.68,2,65.6,0,11,1,35.0,0,-0.53,0.47,0.52,105.0,103.7,1.3,0.48,0.65,0,1.0,0,14.1,8,0.43,15,71.7,0,47,0,35.09
32,Texas A&M,Providence,73,69,0,3,15.71,0.46,0.6,111.2,94.3,16.9,0.59,0.63,2,5.2,1,13.6,6,0.56,7,69.8,0,47,1,41.43,4,11.22,0.44,0.58,108.9,97.0,11.9,0.59,0.62,0,1.0,1,12.5,5,0.59,10,72.7,0,30,1,35.63
33,Marshall,Wichita St,81,75,0,0,3.61,0.47,0.56,109.3,103.9,5.4,0.5,0.71,0,4.5,0,13.2,8,0.54,13,79.1,0,47,0,35.75,1,17.53,0.48,0.61,121.9,101.9,20.0,0.57,0.78,2,11.7,0,11.6,8,0.73,4,71.3,0,16,0,40.48
34,Cincinnati,Georgia St,68,53,0,9,20.86,0.45,0.64,113.2,86.2,27.0,0.56,0.88,1,17.3,0,11.5,8,0.67,2,57.2,0,6,0,39.25,2,3.42,0.46,0.53,109.0,101.8,7.2,0.46,0.71,0,6.7,0,11.4,6,0.58,15,68.0,0,47,0,33.77
35,North Carolina,Lipscomb,84,66,0,27,21.29,0.46,0.64,122.0,96.9,25.1,0.62,0.71,18,8.9,1,12.0,7,0.79,2,73.1,9,10,1,42.43,0,-2.03,0.46,0.53,103.8,103.4,0.4,0.47,0.72,0,2.4,0,15.0,9,0.49,15,78.5,0,47,0,38.67
36,Butler,Arkansas,79,62,0,0,16.44,0.47,0.58,115.8,97.9,17.9,0.58,0.61,0,6.3,1,11.2,4,0.55,10,72.8,0,32,1,34.23,8,15.69,0.48,0.59,117.3,101.7,15.6,0.57,0.68,2,5.6,1,11.0,7,0.66,7,75.5,0,26,1,34.51
37,Nevada,Texas,87,83,1,1,14.55,0.47,0.62,119.9,101.7,18.2,0.55,0.79,1,10.2,0,9.9,7,0.74,7,72.9,0,24,0,35.57,6,14.44,0.44,0.57,109.4,93.9,15.5,0.58,0.58,1,3.5,1,11.8,4,0.67,10,68.2,1,47,1,35.79
38,West Virginia,Murray St,85,68,0,23,20.17,0.43,0.61,119.2,97.4,21.8,0.57,0.71,9,10.6,1,11.3,6,0.71,5,69.0,2,15,1,37.86,0,7.19,0.49,0.57,113.1,100.4,12.7,0.49,0.84,0,11.3,0,11.9,10,0.62,12,66.0,0,41,0,37.06
39,Kansas St,Creighton,69,59,0,11,13.45,0.47,0.58,112.2,97.4,14.8,0.55,0.67,4,4.5,1,11.5,6,0.65,9,67.9,1,35,1,30.7,7,16.86,0.5,0.57,116.5,99.2,17.3,0.56,0.66,0,8.8,1,11.2,4,0.6,8,75.1,0,39,1,36.55
40,Auburn,Coll Charleston,62,58,0,8,17.58,0.44,0.62,118.2,97.6,20.6,0.56,0.78,4,10.1,1,12.3,5,0.65,4,73.3,0,19,1,37.94,0,1.62,0.46,0.57,109.9,105.2,4.7,0.48,0.79,0,5.4,0,9.6,9,0.58,13,69.8,0,47,0,33.21
41,Michigan State,Bucknell,82,78,0,20,23.46,0.5,0.62,120.0,93.6,26.4,0.54,0.88,13,16.2,1,13.2,9,0.72,3,64.8,7,5,1,41.11,1,4.18,0.47,0.55,109.2,102.4,6.8,0.48,0.74,0,8.3,0,12.6,9,0.68,14,72.9,0,47,0,36.6
42,Xavier,TX Southern,102,83,0,7,19.63,0.49,0.64,120.7,99.0,21.7,0.59,0.85,4,9.8,1,12.4,8,0.69,1,74.5,0,3,1,38.34,8,-7.93,0.44,0.48,105.3,112.9,-7.6,0.45,0.44,1,-2.1,0,12.6,8,0.59,16,79.7,1,47,0,36.14
43,Clemson,New Mexico St,79,68,0,4,16.51,0.45,0.63,113.8,93.5,20.3,0.59,0.72,1,7.5,1,12.1,5,0.61,5,65.8,0,20,1,35.89,0,9.48,0.46,0.52,108.5,94.9,13.6,0.49,0.85,0,10.9,0,12.7,8,0.74,12,64.7,0,31,0,41.24
44,Florida St,Missouri,67,54,0,8,14.97,0.47,0.59,115.8,100.0,15.8,0.55,0.65,3,7.3,1,13.0,4,0.56,9,74.5,0,47,1,37.77,2,14.55,0.45,0.57,113.3,97.8,15.5,0.57,0.63,1,5.2,1,14.1,6,0.61,8,68.3,0,45,1,37.12
45,Syracuse,TCU,57,52,0,32,12.25,0.42,0.59,107.7,94.1,13.6,0.58,0.61,18,3.0,1,12.6,5,0.74,11,64.5,5,47,1,37.16,11,17.03,0.5,0.59,120.6,101.7,18.9,0.59,0.66,3,7.1,1,12.7,5,0.72,6,75.9,0,47,1,36.39
46,UMBC,Virginia,74,54,0,0,-3.7,0.45,0.53,103.4,105.3,-1.9,0.47,0.71,0,1.5,0,12.1,8,0.61,16,71.0,0,47,0,34.58,7,23.78,0.46,0.67,116.5,84.4,32.1,0.59,0.94,3,14.2,1,8.6,9,0.71,1,53.4,0,1,1,32.32
47,Rhode Island,Oklahoma,83,78,1,1,12.18,0.46,0.61,111.7,97.3,14.4,0.55,0.78,0,8.3,0,10.8,6,0.59,7,67.9,0,28,0,34.41,17,14.41,0.46,0.57,115.1,100.7,14.4,0.57,0.58,5,3.5,1,13.4,2,0.61,10,81.6,2,47,1,38.41
48,Tennessee,Wright St,73,47,0,22,8.2,0.44,0.63,114.8,92.7,22.1,0.58,0.76,6,7.8,1,12.2,7,0.65,3,66.1,1,13,1,36.06,3,0.74,0.44,0.54,101.1,98.3,2.8,0.47,0.74,0,5.2,0,13.1,8,0.56,14,66.2,0,47,0,36.17
49,Gonzaga,UNC Greensboro,68,64,0,18,2.62,0.5,0.61,119.8,95.1,24.7,0.51,0.88,8,17.4,0,11.3,10,0.82,4,67.1,1,8,0,39.92,0,4.48,0.45,0.56,105.7,96.6,9.1,0.48,0.79,0,8.8,0,13.8,9,0.51,13,63.3,0,47,0,37.34
50,Duke,Iona,89,67,0,33,24.95,0.49,0.64,122.6,93.5,29.1,0.58,0.79,24,15.1,1,12.6,7,0.77,2,69.6,12,9,1,41.05,4,0.96,0.46,0.53,110.3,107.4,2.9,0.5,0.61,0,3.7,0,11.7,6,0.67,15,76.2,0,47,0,33.71
51,Kansas,Penn,76,60,0,19,22.01,0.47,0.66,120.9,97.7,23.2,0.6,0.79,13,10.6,1,11.7,8,0.77,1,70.9,2,4,1,35.59,3,2.25,0.46,0.53,103.6,99.9,3.7,0.45,0.75,1,6.1,0,11.9,8,0.49,16,69.8,0,47,0,37.55
52,Loyola Chicago,Miami (Fla),64,62,0,0,-0.25,0.51,0.62,111.3,96.2,15.1,0.51,0.85,1,9.7,0,12.2,10,0.51,11,62.0,0,27,0,32.16,8,13.27,0.46,0.59,113.3,97.6,15.7,0.56,0.71,3,6.1,1,11.3,6,0.61,6,68.0,1,22,1,34.78
53,Ohio State,S Dakota St,81,73,0,3,18.1,0.49,0.61,116.2,95.0,21.2,0.57,0.75,1,9.1,1,11.8,6,0.6,5,66.7,0,17,1,36.62,1,7.11,0.48,0.58,114.6,104.0,10.6,0.5,0.82,0,7.7,0,10.0,10,0.67,12,74.1,0,40,0,38.86
54,Seton Hall,NC State,94,83,0,2,15.49,0.47,0.59,116.3,99.0,17.3,0.58,0.66,0,5.7,1,12.8,4,0.55,8,73.3,0,36,1,38.29,2,21.29,0.47,0.56,116.4,101.3,15.1,0.55,0.66,0,6.8,1,12.2,6,0.71,9,74.5,0,47,1,35.64
55,Villanova,Radford,87,61,0,14,25.69,0.5,0.68,127.4,96.0,31.4,0.59,0.88,6,16.2,1,10.4,8,0.68,1,70.9,2,2,1,35.9,0,-2.8,0.43,0.53,103.6,103.6,0.0,0.47,0.65,0,2.1,0,12.2,7,0.5,16,64.9,0,47,0,34.56
56,Houston,San Diego St,67,65,0,14,16.38,0.47,0.61,115.8,95.2,20.6,0.54,0.79,3,12.5,0,12.2,8,0.65,5,64.9,1,21,0,38.63,0,12.49,0.46,0.56,111.3,97.1,14.2,0.53,0.69,0,8.6,0,11.9,9,0.69,11,66.4,0,41,0,37.88
57,Kentucky,Davidson,78,73,0,18,17.58,0.47,0.62,116.4,96.0,20.4,0.59,0.71,14,6.4,1,13.0,7,0.78,5,70.2,4,18,1,38.68,8,11.29,0.49,0.57,117.4,102.5,14.9,0.53,0.66,1,8.9,0,9.6,8,0.62,12,67.9,0,45,0,32.67
58,Texas Tech,SF Austin,70,60,0,1,19.57,0.46,0.61,114.0,92.1,21.9,0.56,0.73,1,10.5,1,12.5,5,0.72,3,64.7,0,14,1,36.0,0,2.76,0.49,0.53,105.0,99.4,5.6,0.44,0.82,0,9.8,0,15.6,9,0.69,14,68.4,0,47,0,35.66
59,Buffalo,Arizona,89,68,0,1,7.62,0.47,0.6,114.3,103.8,10.5,0.54,0.77,0,8.2,0,12.5,8,0.62,13,76.5,0,36,0,38.56,10,16.82,0.51,0.61,119.0,99.6,19.4,0.56,0.79,7,9.7,1,12.3,8,0.75,4,71.2,0,12,1,36.49
60,Florida,St. Bonaventure,77,62,0,1,16.81,0.43,0.58,115.1,96.4,18.7,0.58,0.63,1,6.6,1,9.8,5,0.69,6,69.4,0,23,1,35.24,1,8.99,0.46,0.6,112.3,101.1,11.2,0.53,0.78,0,6.9,0,11.5,9,0.53,11,71.0,0,33,0,35.53
61,Michigan,Montana,61,47,0,11,18.9,0.47,0.64,115.9,92.7,23.2,0.56,0.8,6,10.1,1,9.1,9,0.63,3,63.5,1,7,1,33.34,0,6.56,0.47,0.56,110.1,99.3,10.8,0.47,0.79,0,9.3,0,12.4,8,0.63,14,68.8,0,47,0,37.0
62,Alabama,Virginia Tech,86,83,0,0,12.96,0.46,0.58,108.5,94.6,13.9,0.6,0.56,0,2.4,1,14.1,4,0.55,9,70.0,0,47,1,35.83,6,14.88,0.5,0.56,115.0,98.4,16.6,0.55,0.66,3,8.0,1,11.9,5,0.61,8,71.8,0,41,1,32.67
